2026/10/03 13:03:07.830, 9073, 0
2026/10/03 13:03:12.836, 9428, 0
2026/10/03 13:03:17.837, 9507, 0
2026/10/03 13:03:22.838, 9635, 0
2026/10/03 13:03:27.839, 9635, 0
2026/10/03 13:03:32.840, 12245, 0
2026/10/03 13:03:37.840, 14253, 0
2026/10/03 13:03:42.841, 14379, 55
2026/10/03 13:03:47.842, 14379, 55
2026/10/03 13:03:52.843, 14379, 49
2026/10/03 13:03:57.844, 14379, 59
2026/10/03 13:04:02.844, 14379, 58
2026/10/03 13:04:07.845, 14379, 36
2026/10/03 13:04:12.846, 14379, 54
2026/10/03 13:04:17.847, 14379, 54
2026/10/03 13:04:22.847, 14379, 54
2026/10/03 13:04:27.848, 14379, 49
2026/10/03 13:04:32.849, 14379, 54
2026/10/03 13:04:37.850, 14379, 60
2026/10/03 13:04:42.851, 14379, 60
2026/10/03 13:04:47.851, 14379, 57
2026/10/03 13:04:52.852, 14379, 50
2026/10/03 13:04:57.853, 14379, 48
2026/10/03 13:05:02.854, 14379, 57
2026/10/03 13:05:07.854, 14379, 45
2026/10/03 13:05:12.855, 14379, 51
2026/10/03 13:05:17.856, 14379, 52
2026/10/03 13:05:22.857, 14379, 54
2026/10/03 13:05:27.858, 14379, 53
2026/10/03 13:05:32.859, 14379, 54
2026/10/03 13:05:37.859, 14379, 49
2026/10/03 13:05:42.860, 14379, 47
2026/10/03 13:05:47.861, 14379, 55
2026/10/03 13:05:52.862, 14379, 57
2026/10/03 13:05:57.862, 14379, 57
2026/10/03 13:06:02.863, 14379, 46
2026/10/03 13:06:07.864, 14379, 52
2026/10/03 13:06:12.864, 14379, 36
2026/10/03 13:06:17.865, 14379, 52
2026/10/03 13:06:22.866, 14379, 55
2026/10/03 13:06:27.867, 14379, 55
2026/10/03 13:06:32.868, 14379, 52
2026/10/03 13:06:37.868, 14379, 49
2026/10/03 13:06:42.869, 14379, 55
2026/10/03 13:06:47.872, 14379, 52
2026/10/03 13:06:52.873, 14379, 51
2026/10/03 13:06:57.874, 14379, 53
2026/10/03 13:07:02.875, 14379, 58
2026/10/03 13:07:07.876, 14379, 55
2026/10/03 13:07:12.877, 14379, 55
2026/10/03 13:07:17.878, 14379, 41
2026/10/03 13:07:22.878, 14379, 56
2026/10/03 13:07:27.879, 14379, 55
2026/10/03 13:07:32.880, 14379, 58
2026/10/03 13:07:37.880, 14379, 45
2026/10/03 13:07:42.881, 14379, 65
2026/10/03 13:07:47.882, 14379, 54
2026/10/03 13:07:52.883, 14379, 45
2026/10/03 13:07:57.883, 14379, 55
2026/10/03 13:08:02.884, 14379, 50
2026/10/03 13:08:07.885, 14379, 53
2026/10/03 13:08:12.886, 9073, 0
